"","Case","Images","DAB","Hem","Ratio","D_Objects","H_Objects","Object_Ratio"
"1","12","12_Control_Olig2_1_features_d.csv 12_Control_Olig2_1_features_h.csv",32995,283005,0.116588046147595,51,375,0.136
"2","12","12_Control_Olig2_10_features_d.csv 12_Control_Olig2_10_features_h.csv",182146,512017,0.355742094500769,247,715,0.345454545454545
"3","12","12_Control_Olig2_2_features_d.csv 12_Control_Olig2_2_features_h.csv",179150,351748,0.509313485790964,225,439,0.5125284738041
"4","12","12_Control_Olig2_3_features_d.csv 12_Control_Olig2_3_features_h.csv",165574,345922,0.478645474991472,237,480,0.49375
"5","12","12_Control_Olig2_4_features_d.csv 12_Control_Olig2_4_features_h.csv",106696,261563,0.407917021902945,147,371,0.39622641509434
"6","12","12_Control_Olig2_5_features_d.csv 12_Control_Olig2_5_features_h.csv",102079,265552,0.384403054768934,163,379,0.430079155672823
"7","12","12_Control_Olig2_6_features_d.csv 12_Control_Olig2_6_features_h.csv",68523,429869,0.159404376682199,94,535,0.175700934579439
"8","12","12_Control_Olig2_7_features_d.csv 12_Control_Olig2_7_features_h.csv",153187,516111,0.296810182305744,181,720,0.251388888888889
"9","12","12_Control_Olig2_8_features_d.csv 12_Control_Olig2_8_features_h.csv",95145,473175,0.201077825328895,112,577,0.194107452339688
"10","12","12_Control_Olig2_9_features_d.csv 12_Control_Olig2_9_features_h.csv",237835,596320,0.398837872283338,317,840,0.377380952380952
"11","12","12_Reactive_Olig2_1_features_d.csv 12_Reactive_Olig2_1_features_h.csv",0,291279,0,0,488,0
"12","12","12_Reactive_Olig2_10_features_d.csv 12_Reactive_Olig2_10_features_h.csv",2409,361915,0.00665625906635536,3,593,0.00505902192242833
"13","12","12_Reactive_Olig2_2_features_d.csv 12_Reactive_Olig2_2_features_h.csv",0,200117,0,0,354,0
"14","12","12_Reactive_Olig2_3_features_d.csv 12_Reactive_Olig2_3_features_h.csv",0,250199,0,0,429,0
"15","12","12_Reactive_Olig2_4_features_d.csv 12_Reactive_Olig2_4_features_h.csv",1209,288192,0.0041951199200533,2,468,0.00427350427350427
"16","12","12_Reactive_Olig2_5_features_d.csv 12_Reactive_Olig2_5_features_h.csv",1062,502551,0.00211321835992765,1,798,0.0012531328320802
"17","12","12_Reactive_Olig2_6_features_d.csv 12_Reactive_Olig2_6_features_h.csv",0,230199,0,0,393,0
"18","12","12_Reactive_Olig2_7_features_d.csv 12_Reactive_Olig2_7_features_h.csv",591,440589,0.0013413861898504,1,735,0.00136054421768707
"19","12","12_Reactive_Olig2_8_features_d.csv 12_Reactive_Olig2_8_features_h.csv",0,273813,0,0,521,0
"20","12","12_Reactive_Olig2_9_features_d.csv 12_Reactive_Olig2_9_features_h.csv",43234,319395,0.135362169100956,84,568,0.147887323943662
"21","12","12_Recurrent_Olig2_1_features_d.csv 12_Recurrent_Olig2_1_features_h.csv",127910,537289,0.238065547591706,14,317,0.0441640378548896
"22","12","12_Recurrent_Olig2_10_features_d.csv 12_Recurrent_Olig2_10_features_h.csv",161364,1367823,0.117971404194841,112,1327,0.0844009042954032
"23","12","12_Recurrent_Olig2_2_features_d.csv 12_Recurrent_Olig2_2_features_h.csv",5664,1124641,0.00503627379759408,1,644,0.0015527950310559
"24","12","12_Recurrent_Olig2_3_features_d.csv 12_Recurrent_Olig2_3_features_h.csv",30563,994869,0.0307206275399073,4,424,0.00943396226415094
"25","12","12_Recurrent_Olig2_4_features_d.csv 12_Recurrent_Olig2_4_features_h.csv",48576,1518301,0.03199365606688,4,680,0.00588235294117647
"26","12","12_Recurrent_Olig2_5_features_d.csv 12_Recurrent_Olig2_5_features_h.csv",55572,1652161,0.0336359471020076,12,818,0.0146699266503667
"27","12","12_Recurrent_Olig2_6_features_d.csv 12_Recurrent_Olig2_6_features_h.csv",79920,1225043,0.0652385263211169,13,630,0.0206349206349206
"28","12","12_Recurrent_Olig2_7_features_d.csv 12_Recurrent_Olig2_7_features_h.csv",83369,1545389,0.0539469350435392,15,944,0.0158898305084746
"29","12","12_Recurrent_Olig2_8_features_d.csv 12_Recurrent_Olig2_8_features_h.csv",8350,1538258,0.00542821815326168,5,732,0.00683060109289617
"30","12","12_Recurrent_Olig2_9_features_d.csv 12_Recurrent_Olig2_9_features_h.csv",135418,1218859,0.111102268597106,43,766,0.0561357702349869
"31","23","23_Reactive_Olig2_1_features_d.csv 23_Reactive_Olig2_1_features_h.csv",31066,353464,0.0878901387411448,119,766,0.155352480417755
"32","23","23_Reactive_Olig2_10_features_d.csv 23_Reactive_Olig2_10_features_h.csv",155782,608169,0.256149195371681,365,1067,0.342080599812559
"33","23","23_Reactive_Olig2_11_features_d.csv 23_Reactive_Olig2_11_features_h.csv",151969,631412,0.240681203398098,371,1093,0.339432753888381
"34","23","23_Reactive_Olig2_12_features_d.csv 23_Reactive_Olig2_12_features_h.csv",114821,586408,0.195803945375916,308,1074,0.286778398510242
"35","23","23_Reactive_Olig2_13_features_d.csv 23_Reactive_Olig2_13_features_h.csv",153435,521318,0.294321316355852,356,1003,0.35493519441675
"36","23","23_Reactive_Olig2_14_features_d.csv 23_Reactive_Olig2_14_features_h.csv",121457,536010,0.226594653084831,310,960,0.322916666666667
"37","23","23_Reactive_Olig2_15_features_d.csv 23_Reactive_Olig2_15_features_h.csv",173151,536924,0.32248698139774,447,1077,0.415041782729805
"38","23","23_Reactive_Olig2_2_features_d.csv 23_Reactive_Olig2_2_features_h.csv",38132,329903,0.115585490280476,131,671,0.195230998509687
"39","23","23_Reactive_Olig2_3_features_d.csv 23_Reactive_Olig2_3_features_h.csv",44445,512683,0.0866909961906285,152,993,0.153071500503525
"40","23","23_Reactive_Olig2_4_features_d.csv 23_Reactive_Olig2_4_features_h.csv",53250,463671,0.114844361627102,177,933,0.189710610932476
"41","23","23_Reactive_Olig2_5_features_d.csv 23_Reactive_Olig2_5_features_h.csv",74474,586472,0.126986454596298,198,1000,0.198
"42","23","23_Reactive_Olig2_6_features_d.csv 23_Reactive_Olig2_6_features_h.csv",79783,592637,0.134623724134673,204,911,0.223929747530187
"43","23","23_Reactive_Olig2_7_features_d.csv 23_Reactive_Olig2_7_features_h.csv",119475,596020,0.200454682728767,342,1106,0.309222423146474
"44","23","23_Reactive_Olig2_8_features_d.csv 23_Reactive_Olig2_8_features_h.csv",81994,557738,0.147011679318963,201,1018,0.197445972495088
"45","23","23_Reactive_Olig2_9_features_d.csv 23_Reactive_Olig2_9_features_h.csv",111570,555329,0.200907930253958,256,909,0.281628162816282
"46","23","23_Recurrent_Olig2_1_features_d.csv 23_Recurrent_Olig2_1_features_h.csv",36810,507639,0.0725121592312647,83,900,0.0922222222222222
"47","23","23_Recurrent_Olig2_10_features_d.csv 23_Recurrent_Olig2_10_features_h.csv",68316,456346,0.149702199646759,154,862,0.178654292343387
"48","23","23_Recurrent_Olig2_11_features_d.csv 23_Recurrent_Olig2_11_features_h.csv",110872,505772,0.219213400504575,170,986,0.172413793103448
"49","23","23_Recurrent_Olig2_12_features_d.csv 23_Recurrent_Olig2_12_features_h.csv",0,126547,0,0,248,0
"50","23","23_Recurrent_Olig2_13_features_d.csv 23_Recurrent_Olig2_13_features_h.csv",37,208106,0.000177794008822427,3,370,0.00810810810810811
"51","23","23_Recurrent_Olig2_14_features_d.csv 23_Recurrent_Olig2_14_features_h.csv",53478,749289,0.0713716603339966,192,1387,0.138428262436914
"52","23","23_Recurrent_Olig2_15_features_d.csv 23_Recurrent_Olig2_15_features_h.csv",45168,732044,0.0617012092169323,159,1390,0.114388489208633
"53","23","23_Recurrent_Olig2_2_features_d.csv 23_Recurrent_Olig2_2_features_h.csv",36133,511882,0.0705885340762129,75,891,0.0841750841750842
"54","23","23_Recurrent_Olig2_3_features_d.csv 23_Recurrent_Olig2_3_features_h.csv",40679,529834,0.0767768772860934,77,866,0.0889145496535797
"55","23","23_Recurrent_Olig2_4_features_d.csv 23_Recurrent_Olig2_4_features_h.csv",54346,575276,0.0944694372788018,145,1207,0.12013256006628
"56","23","23_Recurrent_Olig2_5_features_d.csv 23_Recurrent_Olig2_5_features_h.csv",136217,538253,0.253072439912086,290,1073,0.27027027027027
"57","23","23_Recurrent_Olig2_6_features_d.csv 23_Recurrent_Olig2_6_features_h.csv",92722,610470,0.151886251576654,179,1139,0.157155399473222
"58","23","23_Recurrent_Olig2_7_features_d.csv 23_Recurrent_Olig2_7_features_h.csv",93995,600779,0.156455202328976,245,1221,0.200655200655201
"59","23","23_Recurrent_Olig2_8_features_d.csv 23_Recurrent_Olig2_8_features_h.csv",46022,519545,0.0885813548393306,87,997,0.0872617853560682
"60","23","23_Recurrent_Olig2_9_features_d.csv 23_Recurrent_Olig2_9_features_h.csv",69417,584955,0.118670666974383,145,1181,0.122777307366638
"61","36","36_Control_Olig2_1_features_d.csv 36_Control_Olig2_1_features_h.csv",76587,300286,0.255046855331251,191,459,0.416122004357298
"62","36","36_Control_Olig2_10_features_d.csv 36_Control_Olig2_10_features_h.csv",95564,295927,0.322930993116546,241,475,0.507368421052632
"63","36","36_Control_Olig2_2_features_d.csv 36_Control_Olig2_2_features_h.csv",79614,275619,0.288855267597662,185,454,0.407488986784141
"64","36","36_Control_Olig2_3_features_d.csv 36_Control_Olig2_3_features_h.csv",70225,282910,0.248223816761514,159,440,0.361363636363636
"65","36","36_Control_Olig2_4_features_d.csv 36_Control_Olig2_4_features_h.csv",77973,277191,0.281297011807743,158,398,0.396984924623116
"66","36","36_Control_Olig2_5_features_d.csv 36_Control_Olig2_5_features_h.csv",47070,183959,0.255872232399611,109,291,0.374570446735395
"67","36","36_Control_Olig2_6_features_d.csv 36_Control_Olig2_6_features_h.csv",69593,231039,0.301217543358481,182,370,0.491891891891892
"68","36","36_Control_Olig2_7_features_d.csv 36_Control_Olig2_7_features_h.csv",65309,182499,0.357859495120521,143,296,0.483108108108108
"69","36","36_Control_Olig2_8_features_d.csv 36_Control_Olig2_8_features_h.csv",104024,317760,0.327366565961732,201,435,0.462068965517241
"70","36","36_Control_Olig2_9_features_d.csv 36_Control_Olig2_9_features_h.csv",117552,299828,0.392064783809384,217,410,0.529268292682927
"71","36","36_Reactive_Olig2_1_features_d.csv 36_Reactive_Olig2_1_features_h.csv",54046,324353,0.166627100720511,138,403,0.342431761786601
"72","36","36_Reactive_Olig2_10_features_d.csv 36_Reactive_Olig2_10_features_h.csv",85178,607312,0.140254103327449,194,695,0.279136690647482
"73","36","36_Reactive_Olig2_2_features_d.csv 36_Reactive_Olig2_2_features_h.csv",61581,424401,0.145100977613154,139,480,0.289583333333333
"74","36","36_Reactive_Olig2_3_features_d.csv 36_Reactive_Olig2_3_features_h.csv",80376,562407,0.142914295163467,184,645,0.285271317829457
"75","36","36_Reactive_Olig2_4_features_d.csv 36_Reactive_Olig2_4_features_h.csv",77071,477006,0.161572391122963,199,535,0.37196261682243
"76","36","36_Reactive_Olig2_5_features_d.csv 36_Reactive_Olig2_5_features_h.csv",58661,535866,0.109469531561995,141,634,0.222397476340694
"77","36","36_Reactive_Olig2_6_features_d.csv 36_Reactive_Olig2_6_features_h.csv",50286,250725,0.200562369129524,125,298,0.419463087248322
"78","36","36_Reactive_Olig2_7_features_d.csv 36_Reactive_Olig2_7_features_h.csv",47525,291955,0.162781935572263,129,399,0.323308270676692
"79","36","36_Reactive_Olig2_8_features_d.csv 36_Reactive_Olig2_8_features_h.csv",35716,359764,0.0992761921704228,101,429,0.235431235431235
"80","36","36_Reactive_Olig2_9_features_d.csv 36_Reactive_Olig2_9_features_h.csv",34333,468033,0.0733559385769807,104,604,0.172185430463576
"81","36","36_Recurrent_Olig2_1_features_d.csv 36_Recurrent_Olig2_1_features_h.csv",35974,360024,0.0999211163700198,77,495,0.155555555555556
"82","36","36_Recurrent_Olig2_10_features_d.csv 36_Recurrent_Olig2_10_features_h.csv",68467,405661,0.168778857223149,186,639,0.291079812206573
"83","36","36_Recurrent_Olig2_2_features_d.csv 36_Recurrent_Olig2_2_features_h.csv",17470,242803,0.0719513350329279,47,363,0.129476584022039
"84","36","36_Recurrent_Olig2_3_features_d.csv 36_Recurrent_Olig2_3_features_h.csv",30720,220336,0.139423426040229,66,341,0.193548387096774
"85","36","36_Recurrent_Olig2_4_features_d.csv 36_Recurrent_Olig2_4_features_h.csv",32701,354978,0.0921212018772994,67,478,0.140167364016736
"86","36","36_Recurrent_Olig2_5_features_d.csv 36_Recurrent_Olig2_5_features_h.csv",10489,219267,0.0478366557667136,23,306,0.0751633986928105
"87","36","36_Recurrent_Olig2_6_features_d.csv 36_Recurrent_Olig2_6_features_h.csv",26848,301861,0.0889415989478601,55,424,0.129716981132075
"88","36","36_Recurrent_Olig2_7_features_d.csv 36_Recurrent_Olig2_7_features_h.csv",37535,241892,0.155172556347461,81,353,0.229461756373938
"89","36","36_Recurrent_Olig2_8_features_d.csv 36_Recurrent_Olig2_8_features_h.csv",29891,254323,0.117531642832147,76,386,0.196891191709845
"90","36","36_Recurrent_Olig2_9_features_d.csv 36_Recurrent_Olig2_9_features_h.csv",48375,238940,0.202456683686281,117,381,0.307086614173228
"91","4","4_Control_Olig2_1_features_d.csv 4_Control_Olig2_1_features_h.csv",67500,446161,0.151290677580515,119,717,0.165969316596932
"92","4","4_Control_Olig2_10_features_d.csv 4_Control_Olig2_10_features_h.csv",101922,145890,0.69862224964014,243,277,0.877256317689531
"93","4","4_Control_Olig2_2_features_d.csv 4_Control_Olig2_2_features_h.csv",36856,369074,0.0998607325360226,59,492,0.119918699186992
"94","4","4_Control_Olig2_3_features_d.csv 4_Control_Olig2_3_features_h.csv",43289,632504,0.0684406738929714,81,741,0.109311740890688
"95","4","4_Control_Olig2_4_features_d.csv 4_Control_Olig2_4_features_h.csv",58412,450347,0.129704427918916,85,631,0.134706814580032
"96","4","4_Control_Olig2_5_features_d.csv 4_Control_Olig2_5_features_h.csv",71507,385405,0.185537291939648,153,566,0.270318021201413
"97","4","4_Control_Olig2_6_features_d.csv 4_Control_Olig2_6_features_h.csv",74848,483130,0.154923105582348,144,673,0.213967310549777
"98","4","4_Control_Olig2_7_features_d.csv 4_Control_Olig2_7_features_h.csv",54275,135043,0.401909021570907,109,213,0.511737089201878
"99","4","4_Control_Olig2_8_features_d.csv 4_Control_Olig2_8_features_h.csv",40559,55954,0.724863280551882,69,95,0.726315789473684
"100","4","4_Control_Olig2_9_features_d.csv 4_Control_Olig2_9_features_h.csv",50951,245773,0.207309183677621,114,390,0.292307692307692
"101","4","4_Reactive_Olig2_1_features_d.csv 4_Reactive_Olig2_1_features_h.csv",121865,599620,0.20323705013175,214,892,0.239910313901345
"102","4","4_Reactive_Olig2_10_features_d.csv 4_Reactive_Olig2_10_features_h.csv",159688,823152,0.193995762629502,245,1058,0.231568998109641
"103","4","4_Reactive_Olig2_2_features_d.csv 4_Reactive_Olig2_2_features_h.csv",117748,684680,0.171975229304201,162,1001,0.161838161838162
"104","4","4_Reactive_Olig2_3_features_d.csv 4_Reactive_Olig2_3_features_h.csv",109038,1005956,0.108392414777585,138,1204,0.114617940199336
"105","4","4_Reactive_Olig2_4_features_d.csv 4_Reactive_Olig2_4_features_h.csv",79173,654784,0.120914683315414,114,1002,0.11377245508982
"106","4","4_Reactive_Olig2_5_features_d.csv 4_Reactive_Olig2_5_features_h.csv",119715,933835,0.128197165452141,193,1293,0.149265274555298
"107","4","4_Reactive_Olig2_6_features_d.csv 4_Reactive_Olig2_6_features_h.csv",182225,1066167,0.170916000964202,312,1481,0.210668467251857
"108","4","4_Reactive_Olig2_7_features_d.csv 4_Reactive_Olig2_7_features_h.csv",103665,707803,0.146460243881419,143,984,0.145325203252033
"109","4","4_Reactive_Olig2_8_features_d.csv 4_Reactive_Olig2_8_features_h.csv",134723,1077961,0.124979475138711,239,1478,0.1617050067659
"110","4","4_Reactive_Olig2_9_features_d.csv 4_Reactive_Olig2_9_features_h.csv",79447,604872,0.131345144096602,118,828,0.142512077294686
"111","4","4_Recurrent_Olig2_1_features_d.csv 4_Recurrent_Olig2_1_features_h.csv",77553,257748,0.300886912798547,163,457,0.356673960612691
"112","4","4_Recurrent_Olig2_10_features_d.csv 4_Recurrent_Olig2_10_features_h.csv",166493,617752,0.269514303474533,278,956,0.290794979079498
"113","4","4_Recurrent_Olig2_2_features_d.csv 4_Recurrent_Olig2_2_features_h.csv",34415,357387,0.096296171936864,57,547,0.104204753199269
"114","4","4_Recurrent_Olig2_3_features_d.csv 4_Recurrent_Olig2_3_features_h.csv",35478,376643,0.0941952989966626,49,528,0.0928030303030303
"115","4","4_Recurrent_Olig2_4_features_d.csv 4_Recurrent_Olig2_4_features_h.csv",22309,281573,0.0792298977529806,25,357,0.0700280112044818
"116","4","4_Recurrent_Olig2_5_features_d.csv 4_Recurrent_Olig2_5_features_h.csv",29204,382757,0.0762990618068383,38,505,0.0752475247524752
"117","4","4_Recurrent_Olig2_6_features_d.csv 4_Recurrent_Olig2_6_features_h.csv",48970,363009,0.134900236633252,69,497,0.138832997987928
"118","4","4_Recurrent_Olig2_7_features_d.csv 4_Recurrent_Olig2_7_features_h.csv",34933,360017,0.097031529066683,53,478,0.110878661087866
"119","4","4_Recurrent_Olig2_8_features_d.csv 4_Recurrent_Olig2_8_features_h.csv",105846,288884,0.366396200551086,153,442,0.346153846153846
"120","4","4_Recurrent_Olig2_9_features_d.csv 4_Recurrent_Olig2_9_features_h.csv",142269,389266,0.365480160096181,248,636,0.389937106918239
"121","50","50_Control_Olig2_1_features_d.csv 50_Control_Olig2_1_features_h.csv",0,400729,0,0,705,0
"122","50","50_Control_Olig2_10_features_d.csv 50_Control_Olig2_10_features_h.csv",16875,216543,0.0779290949141741,40,363,0.110192837465565
"123","50","50_Control_Olig2_2_features_d.csv 50_Control_Olig2_2_features_h.csv",16416,253963,0.0646393372262889,45,433,0.103926096997691
"124","50","50_Control_Olig2_3_features_d.csv 50_Control_Olig2_3_features_h.csv",47302,422623,0.111924812421473,117,662,0.176737160120846
"125","50","50_Control_Olig2_4_features_d.csv 50_Control_Olig2_4_features_h.csv",64930,670855,0.0967869360741144,162,925,0.175135135135135
"126","50","50_Control_Olig2_5_features_d.csv 50_Control_Olig2_5_features_h.csv",71800,419598,0.17111616356608,178,616,0.288961038961039
"127","50","50_Control_Olig2_6_features_d.csv 50_Control_Olig2_6_features_h.csv",15785,414106,0.0381182595760506,39,755,0.0516556291390728
"128","50","50_Control_Olig2_7_features_d.csv 50_Control_Olig2_7_features_h.csv",37858,448160,0.0844742948946805,131,772,0.169689119170984
"129","50","50_Control_Olig2_8_features_d.csv 50_Control_Olig2_8_features_h.csv",86601,442832,0.195561748021823,220,702,0.313390313390313
"130","50","50_Control_Olig2_9_features_d.csv 50_Control_Olig2_9_features_h.csv",7041,230308,0.0305721034440836,20,397,0.0503778337531486
"131","50","50_Reactive_Olig2_1_features_d.csv 50_Reactive_Olig2_1_features_h.csv",23972,255563,0.0938007458043613,54,445,0.121348314606742
"132","50","50_Reactive_Olig2_10_features_d.csv 50_Reactive_Olig2_10_features_h.csv",84575,341889,0.247375610212671,243,594,0.409090909090909
"133","50","50_Reactive_Olig2_2_features_d.csv 50_Reactive_Olig2_2_features_h.csv",61758,380021,0.162512071701301,112,602,0.186046511627907
"134","50","50_Reactive_Olig2_3_features_d.csv 50_Reactive_Olig2_3_features_h.csv",63068,377094,0.167247423719285,128,604,0.211920529801325
"135","50","50_Reactive_Olig2_4_features_d.csv 50_Reactive_Olig2_4_features_h.csv",42283,331653,0.127491685587044,75,483,0.15527950310559
"136","50","50_Reactive_Olig2_5_features_d.csv 50_Reactive_Olig2_5_features_h.csv",56883,475045,0.11974234019935,101,698,0.144699140401146
"137","50","50_Reactive_Olig2_6_features_d.csv 50_Reactive_Olig2_6_features_h.csv",33594,309481,0.108549474765818,50,447,0.111856823266219
"138","50","50_Reactive_Olig2_7_features_d.csv 50_Reactive_Olig2_7_features_h.csv",24455,432671,0.0565210055677408,45,643,0.0699844479004666
"139","50","50_Reactive_Olig2_8_features_d.csv 50_Reactive_Olig2_8_features_h.csv",40221,359774,0.111795182531256,55,483,0.113871635610766
"140","50","50_Reactive_Olig2_9_features_d.csv 50_Reactive_Olig2_9_features_h.csv",86139,402775,0.213863819750481,206,667,0.308845577211394
"141","50","50_Recurrent_Olig2_1_features_d.csv 50_Recurrent_Olig2_1_features_h.csv",41333,250971,0.164692334970973,111,414,0.268115942028986
"142","50","50_Recurrent_Olig2_10_features_d.csv 50_Recurrent_Olig2_10_features_h.csv",71521,652339,0.109637780356532,134,916,0.146288209606987
"143","50","50_Recurrent_Olig2_2_features_d.csv 50_Recurrent_Olig2_2_features_h.csv",48658,405386,0.120028812045803,100,606,0.165016501650165
"144","50","50_Recurrent_Olig2_3_features_d.csv 50_Recurrent_Olig2_3_features_h.csv",17149,274196,0.0625428525580242,56,445,0.125842696629213
"145","50","50_Recurrent_Olig2_4_features_d.csv 50_Recurrent_Olig2_4_features_h.csv",35581,449692,0.0791230442169307,65,647,0.100463678516229
"146","50","50_Recurrent_Olig2_5_features_d.csv 50_Recurrent_Olig2_5_features_h.csv",74941,650743,0.115162206892736,126,813,0.154981549815498
"147","50","50_Recurrent_Olig2_6_features_d.csv 50_Recurrent_Olig2_6_features_h.csv",92916,660705,0.140631598065703,148,896,0.165178571428571
"148","50","50_Recurrent_Olig2_7_features_d.csv 50_Recurrent_Olig2_7_features_h.csv",92605,684074,0.135372781307285,163,963,0.16926272066459
"149","50","50_Recurrent_Olig2_8_features_d.csv 50_Recurrent_Olig2_8_features_h.csv",83992,619875,0.135498285944747,143,861,0.166085946573751
"150","50","50_Recurrent_Olig2_9_features_d.csv 50_Recurrent_Olig2_9_features_h.csv",55262,500733,0.110362209001604,107,680,0.157352941176471
"151","53","53_Reactive_1_olig2_1_features_d.csv 53_Reactive_1_olig2_1_features_h.csv",3372,851118,0.00396184782838572,27,1380,0.0195652173913043
"152","53","53_Reactive_1_olig2_10_features_d.csv 53_Reactive_1_olig2_10_features_h.csv",34738,923760,0.0376050056291677,260,1789,0.14533258803801
"153","53","53_Reactive_1_olig2_2_features_d.csv 53_Reactive_1_olig2_2_features_h.csv",2187,809419,0.00270193805680371,16,1141,0.014022787028922
"154","53","53_Reactive_1_olig2_3_features_d.csv 53_Reactive_1_olig2_3_features_h.csv",31835,822198,0.0387193838953634,179,1198,0.149415692821369
"155","53","53_Reactive_1_olig2_4_features_d.csv 53_Reactive_1_olig2_4_features_h.csv",3387,713252,0.00474867227852148,28,1254,0.0223285486443381
"156","53","53_Reactive_1_olig2_5_features_d.csv 53_Reactive_1_olig2_5_features_h.csv",10695,771052,0.0138706598257964,73,1356,0.053834808259587
"157","53","53_Reactive_1_olig2_6_features_d.csv 53_Reactive_1_olig2_6_features_h.csv",5763,809483,0.0071193588994457,32,1349,0.0237212750185322
"158","53","53_Reactive_1_olig2_7_features_d.csv 53_Reactive_1_olig2_7_features_h.csv",33576,692992,0.0484507757665312,151,1295,0.116602316602317
"159","53","53_Reactive_1_olig2_8_features_d.csv 53_Reactive_1_olig2_8_features_h.csv",2812,880417,0.00319394105293287,62,1605,0.0386292834890966
"160","53","53_Reactive_1_olig2_9_features_d.csv 53_Reactive_1_olig2_9_features_h.csv",27630,687027,0.0402167600399984,158,1351,0.116950407105848
"161","53","53_Reactive_2_olig2_1_features_d.csv 53_Reactive_2_olig2_1_features_h.csv",73821,932382,0.079174630140865,230,1629,0.141190914671578
"162","53","53_Reactive_2_olig2_10_features_d.csv 53_Reactive_2_olig2_10_features_h.csv",3902,608891,0.00640837194177611,22,1191,0.0184718723761545
"163","53","53_Reactive_2_olig2_2_features_d.csv 53_Reactive_2_olig2_2_features_h.csv",52803,743060,0.071061556267327,167,1374,0.121542940320233
"164","53","53_Reactive_2_olig2_3_features_d.csv 53_Reactive_2_olig2_3_features_h.csv",1896,499566,0.00379529431546582,6,964,0.00622406639004149
"165","53","53_Reactive_2_olig2_4_features_d.csv 53_Reactive_2_olig2_4_features_h.csv",10999,563357,0.0195240318306154,35,1111,0.0315031503150315
"166","53","53_Reactive_2_olig2_5_features_d.csv 53_Reactive_2_olig2_5_features_h.csv",7231,419419,0.0172405160471986,21,807,0.0260223048327138
"167","53","53_Reactive_2_olig2_6_features_d.csv 53_Reactive_2_olig2_6_features_h.csv",2135,672308,0.00317562783724126,8,1281,0.00624512099921936
"168","53","53_Reactive_2_olig2_7_features_d.csv 53_Reactive_2_olig2_7_features_h.csv",8362,567932,0.0147235936696647,35,960,0.0364583333333333
"169","53","53_Reactive_2_olig2_8_features_d.csv 53_Reactive_2_olig2_8_features_h.csv",58389,783925,0.074482890582645,234,1483,0.157788267026298
"170","53","53_Reactive_2_olig2_9_features_d.csv 53_Reactive_2_olig2_9_features_h.csv",21406,874398,0.0244808428198601,97,1631,0.0594727161250766
"171","53","53_Reactive_3_olig2_1_features_d.csv 53_Reactive_3_olig2_1_features_h.csv",12637,873757,0.0144628311990634,45,1584,0.0284090909090909
"172","53","53_Reactive_3_olig2_10_features_d.csv 53_Reactive_3_olig2_10_features_h.csv",12872,1128086,0.0114104775699725,77,1722,0.0447154471544715
"173","53","53_Reactive_3_olig2_2_features_d.csv 53_Reactive_3_olig2_2_features_h.csv",15168,1058954,0.0143235683514109,87,1772,0.0490970654627539
"174","53","53_Reactive_3_olig2_3_features_d.csv 53_Reactive_3_olig2_3_features_h.csv",27480,961419,0.0285827511209993,135,1537,0.0878334417696812
"175","53","53_Reactive_3_olig2_4_features_d.csv 53_Reactive_3_olig2_4_features_h.csv",28582,993144,0.0287793109559137,123,1709,0.0719719133996489
"176","53","53_Reactive_3_olig2_5_features_d.csv 53_Reactive_3_olig2_5_features_h.csv",8685,768860,0.011295944645319,22,1402,0.0156918687589158
"177","53","53_Reactive_3_olig2_6_features_d.csv 53_Reactive_3_olig2_6_features_h.csv",12292,580396,0.0211786435468198,29,1113,0.0260557053009883
"178","53","53_Reactive_3_olig2_7_features_d.csv 53_Reactive_3_olig2_7_features_h.csv",9284,848942,0.0109359650011426,33,1550,0.0212903225806452
"179","53","53_Reactive_3_olig2_8_features_d.csv 53_Reactive_3_olig2_8_features_h.csv",17071,926924,0.0184168281326193,46,1597,0.0288040075140889
"180","53","53_Reactive_3_olig2_9_features_d.csv 53_Reactive_3_olig2_9_features_h.csv",14965,949866,0.015754853842542,33,1457,0.0226492793411119
"181","53","53_Reactive_4_olig2_1_features_d.csv 53_Reactive_4_olig2_1_features_h.csv",6989,879590,0.00794574745051672,26,1451,0.0179186767746382
"182","53","53_Reactive_4_olig2_10_features_d.csv 53_Reactive_4_olig2_10_features_h.csv",14005,757998,0.0184763020482904,36,1250,0.0288
"183","53","53_Reactive_4_olig2_2_features_d.csv 53_Reactive_4_olig2_2_features_h.csv",8861,814424,0.0108800821193874,18,1272,0.0141509433962264
"184","53","53_Reactive_4_olig2_3_features_d.csv 53_Reactive_4_olig2_3_features_h.csv",25764,792091,0.0325265657607522,59,1524,0.0387139107611549
"185","53","53_Reactive_4_olig2_4_features_d.csv 53_Reactive_4_olig2_4_features_h.csv",54655,719543,0.0759579344111471,111,1429,0.0776766969909027
"186","53","53_Reactive_4_olig2_5_features_d.csv 53_Reactive_4_olig2_5_features_h.csv",11694,778123,0.0150284723623386,28,1406,0.0199146514935989
"187","53","53_Reactive_4_olig2_6_features_d.csv 53_Reactive_4_olig2_6_features_h.csv",6791,886924,0.00765680035718957,17,1569,0.0108349267049076
"188","53","53_Reactive_4_olig2_7_features_d.csv 53_Reactive_4_olig2_7_features_h.csv",35371,747005,0.047350419341236,80,1452,0.0550964187327824
"189","53","53_Reactive_4_olig2_8_features_d.csv 53_Reactive_4_olig2_8_features_h.csv",40874,960675,0.0425471673562859,103,1713,0.060128429655575
"190","53","53_Reactive_4_olig2_9_features_d.csv 53_Reactive_4_olig2_9_features_h.csv",6004,855820,0.00701549391227127,16,1382,0.0115774240231548
"191","56","56_Control_1_olig2_1_features_d.csv 56_Control_1_olig2_1_features_h.csv",39080,334959,0.11667099555468,185,421,0.439429928741093
"192","56","56_Control_1_olig2_10_features_d.csv 56_Control_1_olig2_10_features_h.csv",150580,365674,0.411787548472136,419,615,0.68130081300813
"193","56","56_Control_1_olig2_2_features_d.csv 56_Control_1_olig2_2_features_h.csv",64438,401338,0.160557933711734,215,533,0.403377110694184
"194","56","56_Control_1_olig2_3_features_d.csv 56_Control_1_olig2_3_features_h.csv",62716,318401,0.196971743179199,335,427,0.784543325526932
"195","56","56_Control_1_olig2_4_features_d.csv 56_Control_1_olig2_4_features_h.csv",96471,409793,0.235413977300735,269,524,0.513358778625954
"196","56","56_Control_1_olig2_5_features_d.csv 56_Control_1_olig2_5_features_h.csv",55128,223755,0.246376617282295,187,330,0.566666666666667
"197","56","56_Control_1_olig2_6_features_d.csv 56_Control_1_olig2_6_features_h.csv",122869,337366,0.364200897541542,333,494,0.674089068825911
"198","56","56_Control_1_olig2_7_features_d.csv 56_Control_1_olig2_7_features_h.csv",100803,391571,0.257432240896287,269,521,0.516314779270633
"199","56","56_Control_1_olig2_8_features_d.csv 56_Control_1_olig2_8_features_h.csv",104649,325622,0.321381847663856,300,502,0.597609561752988
"200","56","56_Control_1_olig2_9_features_d.csv 56_Control_1_olig2_9_features_h.csv",128856,293902,0.43843185823846,312,438,0.712328767123288
"201","56","56_Reactive_1_olig2_1_features_d.csv 56_Reactive_1_olig2_1_features_h.csv",242907,551335,0.440579683858271,685,912,0.75109649122807
"202","56","56_Reactive_1_olig2_10_features_d.csv 56_Reactive_1_olig2_10_features_h.csv",110087,596713,0.184489025712528,367,963,0.381100726895119
"203","56","56_Reactive_1_olig2_2_features_d.csv 56_Reactive_1_olig2_2_features_h.csv",176237,522251,0.337456510375279,499,802,0.622194513715711
"204","56","56_Reactive_1_olig2_3_features_d.csv 56_Reactive_1_olig2_3_features_h.csv",224028,499137,0.448830681756712,626,810,0.772839506172839
"205","56","56_Reactive_1_olig2_4_features_d.csv 56_Reactive_1_olig2_4_features_h.csv",210106,520938,0.403322468316767,631,772,0.817357512953368
"206","56","56_Reactive_1_olig2_5_features_d.csv 56_Reactive_1_olig2_5_features_h.csv",221817,472188,0.469764161732191,631,782,0.80690537084399
"207","56","56_Reactive_1_olig2_6_features_d.csv 56_Reactive_1_olig2_6_features_h.csv",184214,509633,0.36146403392245,513,800,0.64125
"208","56","56_Reactive_1_olig2_7_features_d.csv 56_Reactive_1_olig2_7_features_h.csv",203358,712009,0.285611558280864,578,1060,0.545283018867925
"209","56","56_Reactive_1_olig2_8_features_d.csv 56_Reactive_1_olig2_8_features_h.csv",137275,513243,0.267465898219752,392,807,0.485749690210657
"210","56","56_Reactive_1_olig2_9_features_d.csv 56_Reactive_1_olig2_9_features_h.csv",116949,581882,0.200984048312201,433,882,0.49092970521542
"211","56","56_Reactive_2_olig2_1_features_d.csv 56_Reactive_2_olig2_1_features_h.csv",35029,420874,0.0832291849817285,198,805,0.245962732919255
"212","56","56_Reactive_2_olig2_10_features_d.csv 56_Reactive_2_olig2_10_features_h.csv",91912,854933,0.107507839795633,426,1323,0.321995464852608
"213","56","56_Reactive_2_olig2_2_features_d.csv 56_Reactive_2_olig2_2_features_h.csv",42299,446390,0.0947579470866283,174,810,0.214814814814815
"214","56","56_Reactive_2_olig2_3_features_d.csv 56_Reactive_2_olig2_3_features_h.csv",45275,411390,0.110053720314057,201,742,0.27088948787062
"215","56","56_Reactive_2_olig2_4_features_d.csv 56_Reactive_2_olig2_4_features_h.csv",50495,490095,0.103031045001479,161,891,0.180695847362514
"216","56","56_Reactive_2_olig2_5_features_d.csv 56_Reactive_2_olig2_5_features_h.csv",45034,528431,0.0852221008986982,173,811,0.213316892725031
"217","56","56_Reactive_2_olig2_6_features_d.csv 56_Reactive_2_olig2_6_features_h.csv",35755,504137,0.070923181595479,147,785,0.187261146496815
"218","56","56_Reactive_2_olig2_7_features_d.csv 56_Reactive_2_olig2_7_features_h.csv",39751,505606,0.0786205068768962,122,895,0.136312849162011
"219","56","56_Reactive_2_olig2_8_features_d.csv 56_Reactive_2_olig2_8_features_h.csv",29177,604052,0.0483021329289531,188,1014,0.185404339250493
"220","56","56_Reactive_2_olig2_9_features_d.csv 56_Reactive_2_olig2_9_features_h.csv",83538,606448,0.137749650423449,343,1050,0.326666666666667
"221","7","7_Control_Olig2_1_features_d.csv 7_Control_Olig2_1_features_h.csv",72204,580703,0.124338947792589,130,1113,0.116801437556155
"222","7","7_Control_Olig2_10_features_d.csv 7_Control_Olig2_10_features_h.csv",150903,592639,0.254628871876471,305,1061,0.28746465598492
"223","7","7_Control_Olig2_2_features_d.csv 7_Control_Olig2_2_features_h.csv",53596,521954,0.102683378228733,84,840,0.1
"224","7","7_Control_Olig2_3_features_d.csv 7_Control_Olig2_3_features_h.csv",42573,604858,0.0703851151840597,65,1008,0.064484126984127
"225","7","7_Control_Olig2_4_features_d.csv 7_Control_Olig2_4_features_h.csv",31482,509361,0.0618068521147084,40,825,0.0484848484848485
"226","7","7_Control_Olig2_5_features_d.csv 7_Control_Olig2_5_features_h.csv",21593,480279,0.0449592840827935,23,790,0.0291139240506329
"227","7","7_Control_Olig2_6_features_d.csv 7_Control_Olig2_6_features_h.csv",13246,489841,0.0270414277285895,14,814,0.0171990171990172
"228","7","7_Control_Olig2_7_features_d.csv 7_Control_Olig2_7_features_h.csv",15139,451202,0.0335525995008887,19,739,0.0257104194857916
"229","7","7_Control_Olig2_8_features_d.csv 7_Control_Olig2_8_features_h.csv",53434,546315,0.0978080411484217,71,951,0.07465825446898
"230","7","7_Control_Olig2_9_features_d.csv 7_Control_Olig2_9_features_h.csv",121546,679879,0.178775929246234,206,1150,0.179130434782609
"231","7","7_Reactive_1_Olig2_1_features_d.csv 7_Reactive_1_Olig2_1_features_h.csv",194714,773035,0.251882515021959,344,1339,0.256908140403286
"232","7","7_Reactive_1_Olig2_10_features_d.csv 7_Reactive_1_Olig2_10_features_h.csv",117270,666324,0.175995461667297,185,1139,0.162423178226514
"233","7","7_Reactive_1_Olig2_2_features_d.csv 7_Reactive_1_Olig2_2_features_h.csv",108915,704627,0.154571141894932,186,1185,0.156962025316456
"234","7","7_Reactive_1_Olig2_3_features_d.csv 7_Reactive_1_Olig2_3_features_h.csv",118134,736245,0.160454739930322,202,1259,0.1604447974583
"235","7","7_Reactive_1_Olig2_4_features_d.csv 7_Reactive_1_Olig2_4_features_h.csv",155315,551314,0.281717859513816,277,973,0.284686536485098
"236","7","7_Reactive_1_Olig2_5_features_d.csv 7_Reactive_1_Olig2_5_features_h.csv",103864,638331,0.162711821923109,167,1043,0.160115052732502
"237","7","7_Reactive_1_Olig2_6_features_d.csv 7_Reactive_1_Olig2_6_features_h.csv",111319,701313,0.158729411831807,173,1134,0.152557319223986
"238","7","7_Reactive_1_Olig2_7_features_d.csv 7_Reactive_1_Olig2_7_features_h.csv",173483,770992,0.22501271089713,287,1276,0.224921630094044
"239","7","7_Reactive_1_Olig2_8_features_d.csv 7_Reactive_1_Olig2_8_features_h.csv",141432,702654,0.201282565814754,217,1083,0.200369344413666
"240","7","7_Reactive_1_Olig2_9_features_d.csv 7_Reactive_1_Olig2_9_features_h.csv",107356,678204,0.158294554440847,164,1078,0.152133580705009
"241","7","7_Reactive_2_Olig2_1_features_d.csv 7_Reactive_2_Olig2_1_features_h.csv",23276,432711,0.0537910984467693,40,798,0.050125313283208
"242","7","7_Reactive_2_Olig2_10_features_d.csv 7_Reactive_2_Olig2_10_features_h.csv",67921,653176,0.103985755753426,96,1107,0.0867208672086721
"243","7","7_Reactive_2_Olig2_2_features_d.csv 7_Reactive_2_Olig2_2_features_h.csv",46868,581562,0.0805898597226091,88,1015,0.0866995073891626
"244","7","7_Reactive_2_Olig2_3_features_d.csv 7_Reactive_2_Olig2_3_features_h.csv",0,580097,0,0,1063,0
"245","7","7_Reactive_2_Olig2_4_features_d.csv 7_Reactive_2_Olig2_4_features_h.csv",61177,559877,0.109268642934073,117,1058,0.110586011342155
"246","7","7_Reactive_2_Olig2_5_features_d.csv 7_Reactive_2_Olig2_5_features_h.csv",13672,625318,0.0218640755583559,13,1141,0.0113935144609991
"247","7","7_Reactive_2_Olig2_6_features_d.csv 7_Reactive_2_Olig2_6_features_h.csv",5840,498187,0.0117225058060527,7,882,0.00793650793650794
"248","7","7_Reactive_2_Olig2_7_features_d.csv 7_Reactive_2_Olig2_7_features_h.csv",18709,725997,0.0257700789397201,25,1278,0.0195618153364632
"249","7","7_Reactive_2_Olig2_8_features_d.csv 7_Reactive_2_Olig2_8_features_h.csv",0,375489,0,0,694,0
"250","7","7_Reactive_2_Olig2_9_features_d.csv 7_Reactive_2_Olig2_9_features_h.csv",0,277838,0,0,512,0
"251","7","7_Recurrent_Olig2_1_features_d.csv 7_Recurrent_Olig2_1_features_h.csv",158744,1182133,0.134286074409563,217,1622,0.133785450061652
"252","7","7_Recurrent_Olig2_10_features_d.csv 7_Recurrent_Olig2_10_features_h.csv",170110,1356855,0.125370802333337,285,1900,0.15
"253","7","7_Recurrent_Olig2_2_features_d.csv 7_Recurrent_Olig2_2_features_h.csv",211804,1170580,0.180939363392506,324,1690,0.191715976331361
"254","7","7_Recurrent_Olig2_3_features_d.csv 7_Recurrent_Olig2_3_features_h.csv",338454,1138907,0.297174396153505,663,1824,0.363486842105263
"255","7","7_Recurrent_Olig2_4_features_d.csv 7_Recurrent_Olig2_4_features_h.csv",318455,935979,0.340237334384639,675,1660,0.406626506024096
"256","7","7_Recurrent_Olig2_5_features_d.csv 7_Recurrent_Olig2_5_features_h.csv",110254,1047014,0.10530327197153,142,1305,0.108812260536398
"257","7","7_Recurrent_Olig2_6_features_d.csv 7_Recurrent_Olig2_6_features_h.csv",195354,1174203,0.166371572888163,271,1568,0.172831632653061
"258","7","7_Recurrent_Olig2_7_features_d.csv 7_Recurrent_Olig2_7_features_h.csv",196729,1195254,0.164591793878121,335,1731,0.193529751588677
"259","7","7_Recurrent_Olig2_8_features_d.csv 7_Recurrent_Olig2_8_features_h.csv",268039,1210546,0.221419921258672,492,1841,0.267246061922868
"260","7","7_Recurrent_Olig2_9_features_d.csv 7_Recurrent_Olig2_9_features_h.csv",148937,1284216,0.115975038467049,226,1701,0.132863021751911
